{"YOUNG WOLF": [[46.17817095145561, 39.15549176709373], [47.258409432425836, 39.950805491303434], [46.4289405988237, 43.00191814236248], [45.60911675165882, 41.9752404256554]], "KOBOLD LABORER": [[47.42768313787165, 35.540196343779186], [47.926314958435434, 37.64326150456685], [49.849609123467175, 37.45431424402734], [50.11262371013819, 35.41696986951428]], "DEFIAS THUG": [[53.78662185724558, 41.84428253797454], [53.69542781156947, 43.16268007130873], [53.36322093089221, 44.40295034340829], [52.65972400710509, 45.526029723655945], [51.78686671277662, 46.49285458143435], [51.12245295142212, 47.29365900908918], [51.988796385345154, 47.8014862071142], [53.31762390805416, 46.89325679526176], [54.18396734197719, 45.779943322668444], [54.503146501843574, 44.49084351229724], [54.76370091806102, 42.76227785748131], [54.85489496373714, 41.27785989402356], [54.23607822522068, 40.584480450566325]]}